image_url,category
https://picsum.photos/seed/imagedeal-001/1200/400,banner
https://picsum.photos/seed/imagedeal-002/1200/400,banner
https://picsum.photos/seed/imagedeal-003/1200/400,banner
https://picsum.photos/seed/imagedeal-004/1200/400,banner
https://picsum.photos/seed/imagedeal-005/1200/400,banner
https://picsum.photos/seed/imagedeal-006/1200/400,banner
https://picsum.photos/seed/imagedeal-007/1200/400,banner
https://picsum.photos/seed/imagedeal-008/1200/400,banner
https://picsum.photos/seed/imagedeal-009/1200/400,banner
https://picsum.photos/seed/imagedeal-010/1200/400,banner
https://picsum.photos/seed/imagedeal-011/1200/400,banner
https://picsum.photos/seed/imagedeal-012/1200/400,banner
https://picsum.photos/seed/imagedeal-013/1200/400,banner
https://picsum.photos/seed/imagedeal-014/1200/400,banner
https://picsum.photos/seed/imagedeal-015/1200/400,banner
https://picsum.photos/seed/imagedeal-016/1200/400,banner
https://picsum.photos/seed/imagedeal-017/1200/400,banner
https://picsum.photos/seed/imagedeal-018/1200/400,banner
https://picsum.photos/seed/imagedeal-019/1200/400,banner
https://picsum.photos/seed/imagedeal-020/1200/400,banner
https://picsum.photos/seed/imagedeal-021/1200/400,banner
https://picsum.photos/seed/imagedeal-022/1200/400,banner
https://picsum.photos/seed/imagedeal-023/1200/400,banner
https://picsum.photos/seed/imagedeal-024/1200/400,banner
https://picsum.photos/seed/imagedeal-025/1200/400,banner
https://picsum.photos/seed/imagedeal-026/1200/400,banner
https://picsum.photos/seed/imagedeal-027/1200/400,banner
https://picsum.photos/seed/imagedeal-028/1200/400,banner
https://picsum.photos/seed/imagedeal-029/1200/400,banner
https://picsum.photos/seed/imagedeal-030/1200/400,banner
https://picsum.photos/seed/imagedeal-031/600/900,poster
https://picsum.photos/seed/imagedeal-032/600/900,poster
https://picsum.photos/seed/imagedeal-033/600/900,poster
https://picsum.photos/seed/imagedeal-034/600/900,poster
https://picsum.photos/seed/imagedeal-035/600/900,poster
https://picsum.photos/seed/imagedeal-036/600/900,poster
https://picsum.photos/seed/imagedeal-037/600/900,poster
https://picsum.photos/seed/imagedeal-038/600/900,poster
https://picsum.photos/seed/imagedeal-039/600/900,poster
https://picsum.photos/seed/imagedeal-040/600/900,poster
https://picsum.photos/seed/imagedeal-041/600/900,poster
https://picsum.photos/seed/imagedeal-042/600/900,poster
https://picsum.photos/seed/imagedeal-043/600/900,poster
https://picsum.photos/seed/imagedeal-044/600/900,poster
https://picsum.photos/seed/imagedeal-045/600/900,poster
https://picsum.photos/seed/imagedeal-046/600/900,poster
https://picsum.photos/seed/imagedeal-047/600/900,poster
https://picsum.photos/seed/imagedeal-048/600/900,poster
https://picsum.photos/seed/imagedeal-049/600/900,poster
https://picsum.photos/seed/imagedeal-050/600/900,poster
https://picsum.photos/seed/imagedeal-051/600/900,poster
https://picsum.photos/seed/imagedeal-052/600/900,poster
https://picsum.photos/seed/imagedeal-053/600/900,poster
https://picsum.photos/seed/imagedeal-054/600/900,poster
https://picsum.photos/seed/imagedeal-055/600/900,poster
https://picsum.photos/seed/imagedeal-056/600/900,poster
https://picsum.photos/seed/imagedeal-057/600/900,poster
https://picsum.photos/seed/imagedeal-058/600/900,poster
https://picsum.photos/seed/imagedeal-059/600/900,poster
https://picsum.photos/seed/imagedeal-060/600/900,poster
https://picsum.photos/seed/imagedeal-061/512/512,icon
https://picsum.photos/seed/imagedeal-062/512/512,icon
https://picsum.photos/seed/imagedeal-063/512/512,icon
https://picsum.photos/seed/imagedeal-064/512/512,icon
https://picsum.photos/seed/imagedeal-065/512/512,icon
https://picsum.photos/seed/imagedeal-066/512/512,icon
https://picsum.photos/seed/imagedeal-067/512/512,icon
https://picsum.photos/seed/imagedeal-068/512/512,icon
https://picsum.photos/seed/imagedeal-069/512/512,icon
https://picsum.photos/seed/imagedeal-070/512/512,icon
https://picsum.photos/seed/imagedeal-071/512/512,icon
https://picsum.photos/seed/imagedeal-072/512/512,icon
https://picsum.photos/seed/imagedeal-073/512/512,icon
https://picsum.photos/seed/imagedeal-074/512/512,icon
https://picsum.photos/seed/imagedeal-075/512/512,icon
https://picsum.photos/seed/imagedeal-076/512/512,icon
https://picsum.photos/seed/imagedeal-077/512/512,icon
https://picsum.photos/seed/imagedeal-078/512/512,icon
https://picsum.photos/seed/imagedeal-079/512/512,icon
https://picsum.photos/seed/imagedeal-080/512/512,icon
https://picsum.photos/seed/imagedeal-081/1080/1080,social
https://picsum.photos/seed/imagedeal-082/1080/1080,social
https://picsum.photos/seed/imagedeal-083/1080/1080,social
https://picsum.photos/seed/imagedeal-084/1080/1080,social
https://picsum.photos/seed/imagedeal-085/1080/1080,social
https://picsum.photos/seed/imagedeal-086/1080/1080,social
https://picsum.photos/seed/imagedeal-087/1080/1080,social
https://picsum.photos/seed/imagedeal-088/1080/1080,social
https://picsum.photos/seed/imagedeal-089/1080/1080,social
https://picsum.photos/seed/imagedeal-090/1080/1080,social
https://picsum.photos/seed/imagedeal-091/1080/1080,social
https://picsum.photos/seed/imagedeal-092/1080/1080,social
https://picsum.photos/seed/imagedeal-093/1080/1080,social
https://picsum.photos/seed/imagedeal-094/1080/1080,social
https://picsum.photos/seed/imagedeal-095/1080/1080,social
https://picsum.photos/seed/imagedeal-096/1080/1080,social
https://picsum.photos/seed/imagedeal-097/1080/1080,social
https://picsum.photos/seed/imagedeal-098/1080/1080,social
https://picsum.photos/seed/imagedeal-099/1080/1080,social
https://picsum.photos/seed/imagedeal-100/1080/1080,social
